[{"model": "admin.logentry", "pk": 1, "fields": {"action_time": "2023-04-10T14:59:13.177Z", "user": 1, "content_type": 12, "object_id": "1", "object_repr": "Full Stack Desarrollo Web", "action_flag": 1, "change_message": "[{\"added\": {}}]"}}, {"model": "admin.logentry", "pk": 2, "fields": {"action_time": "2023-04-10T15:00:10.293Z", "user": 1, "content_type": 12, "object_id": "2", "object_repr": "Testing Automatizado", "action_flag": 1, "change_message": "[{\"added\": {}}]"}}, {"model": "admin.logentry", "pk": 3, "fields": {"action_time": "2023-04-10T15:00:45.506Z", "user": 1, "content_type": 12, "object_id": "3", "object_repr": "Dise±o UX/UI", "action_flag": 1, "change_message": "[{\"added\": {}}]"}}, {"model": "admin.logentry", "pk": 4, "fields": {"action_time": "2023-04-10T15:01:22.103Z", "user": 1, "content_type": 12, "object_id": "4", "object_repr": "Big Data / Anßlisis de Datos", "action_flag": 1, "change_message": "[{\"added\": {}}]"}}, {"model": "admin.logentry", "pk": 5, "fields": {"action_time": "2023-04-10T15:01:37.921Z", "user": 1, "content_type": 12, "object_id": "2", "object_repr": "Testing Automatizado", "action_flag": 2, "change_message": "[{\"changed\": {\"fields\": [\"Descripcion\"]}}]"}}, {"model": "admin.logentry", "pk": 6, "fields": {"action_time": "2023-04-10T15:09:24.848Z", "user": 1, "content_type": 4, "object_id": "2", "object_repr": "DocenteUno", "action_flag": 3, "change_message": ""}}, {"model": "admin.logentry", "pk": 7, "fields": {"action_time": "2023-04-10T15:33:08.603Z", "user": 1, "content_type": 4, "object_id": "3", "object_repr": "AlumnoUno", "action_flag": 3, "change_message": ""}}, {"model": "admin.logentry", "pk": 8, "fields": {"action_time": "2023-04-10T15:42:29.762Z", "user": 1, "content_type": 10, "object_id": "1", "object_repr": "Docente @DocenteUno", "action_flag": 2, "change_message": "[{\"changed\": {\"fields\": [\"Photo\"]}}]"}}, {"model": "admin.logentry", "pk": 9, "fields": {"action_time": "2023-04-10T16:16:42.080Z", "user": 1, "content_type": 13, "object_id": "1", "object_repr": "Codo a Codo - Inicial", "action_flag": 1, "change_message": "[{\"added\": {}}]"}}, {"model": "admin.logentry", "pk": 10, "fields": {"action_time": "2023-04-10T16:20:04.045Z", "user": 1, "content_type": 13, "object_id": "2", "object_repr": "Python", "action_flag": 1, "change_message": "[{\"added\": {}}]"}}, {"model": "admin.logentry", "pk": 11, "fields": {"action_time": "2023-04-10T16:20:47.164Z", "user": 1, "content_type": 13, "object_id": "3", "object_repr": "JAVA", "action_flag": 1, "change_message": "[{\"added\": {}}]"}}, {"model": "admin.logentry", "pk": 12, "fields": {"action_time": "2023-04-10T16:21:54.113Z", "user": 1, "content_type": 13, "object_id": "4", "object_repr": "Desarrollo Web", "action_flag": 1, "change_message": "[{\"added\": {}}]"}}, {"model": "admin.logentry", "pk": 13, "fields": {"action_time": "2023-04-10T16:22:34.536Z", "user": 1, "content_type": 13, "object_id": "5", "object_repr": "PHP", "action_flag": 1, "change_message": "[{\"added\": {}}]"}}, {"model": "admin.logentry", "pk": 14, "fields": {"action_time": "2023-04-10T16:23:19.687Z", "user": 1, "content_type": 13, "object_id": "6", "object_repr": "Testing Automatizado", "action_flag": 1, "change_message": "[{\"added\": {}}]"}}, {"model": "admin.logentry", "pk": 15, "fields": {"action_time": "2023-04-10T16:24:15.895Z", "user": 1, "content_type": 13, "object_id": "7", "object_repr": "Dise±o UX/UI", "action_flag": 1, "change_message": "[{\"added\": {}}]"}}, {"model": "admin.logentry", "pk": 16, "fields": {"action_time": "2023-04-10T16:24:55.019Z", "user": 1, "content_type": 13, "object_id": "8", "object_repr": "Big Data / Anßlisis de Datos", "action_flag": 1, "change_message": "[{\"added\": {}}]"}}, {"model": "admin.logentry", "pk": 17, "fields": {"action_time": "2023-04-10T16:25:49.031Z", "user": 1, "content_type": 13, "object_id": "8", "object_repr": "Big Data / Anßlisis de Datos", "action_flag": 2, "change_message": "[{\"changed\": {\"fields\": [\"Photo\"]}}]"}}, {"model": "admin.logentry", "pk": 18, "fields": {"action_time": "2023-04-10T16:26:12.177Z", "user": 1, "content_type": 13, "object_id": "7", "object_repr": "Dise±o UX/UI", "action_flag": 2, "change_message": "[{\"changed\": {\"fields\": [\"Photo\"]}}]"}}, {"model": "admin.logentry", "pk": 19, "fields": {"action_time": "2023-04-10T16:26:21.842Z", "user": 1, "content_type": 13, "object_id": "6", "object_repr": "Testing Automatizado", "action_flag": 2, "change_message": "[{\"changed\": {\"fields\": [\"Photo\"]}}]"}}, {"model": "admin.logentry", "pk": 20, "fields": {"action_time": "2023-04-10T16:27:34.815Z", "user": 1, "content_type": 13, "object_id": "5", "object_repr": "PHP", "action_flag": 2, "change_message": "[{\"changed\": {\"fields\": [\"Photo\"]}}]"}}, {"model": "admin.logentry", "pk": 21, "fields": {"action_time": "2023-04-10T16:28:34.893Z", "user": 1, "content_type": 13, "object_id": "4", "object_repr": "Desarrollo Web", "action_flag": 2, "change_message": "[{\"changed\": {\"fields\": [\"Photo\"]}}]"}}, {"model": "admin.logentry", "pk": 22, "fields": {"action_time": "2023-04-10T16:29:14.734Z", "user": 1, "content_type": 13, "object_id": "3", "object_repr": "JAVA", "action_flag": 2, "change_message": "[{\"changed\": {\"fields\": [\"Photo\"]}}]"}}, {"model": "admin.logentry", "pk": 23, "fields": {"action_time": "2023-04-10T16:29:49.028Z", "user": 1, "content_type": 13, "object_id": "2", "object_repr": "Python", "action_flag": 2, "change_message": "[{\"changed\": {\"fields\": [\"Photo\"]}}]"}}, {"model": "admin.logentry", "pk": 24, "fields": {"action_time": "2023-04-10T16:31:10.563Z", "user": 1, "content_type": 10, "object_id": "2", "object_repr": "Docente @DocenteDos", "action_flag": 2, "change_message": "[{\"changed\": {\"fields\": [\"Photo\"]}}]"}}, {"model": "admin.logentry", "pk": 25, "fields": {"action_time": "2023-04-10T16:31:18.549Z", "user": 1, "content_type": 10, "object_id": "3", "object_repr": "Docente @DocenteTres", "action_flag": 2, "change_message": "[{\"changed\": {\"fields\": [\"Photo\"]}}]"}}, {"model": "admin.logentry", "pk": 26, "fields": {"action_time": "2023-04-10T17:53:41.657Z", "user": 1, "content_type": 4, "object_id": "9", "object_repr": "DocenteUno", "action_flag": 2, "change_message": "[{\"changed\": {\"fields\": [\"First name\", \"Last name\", \"Email address\"]}}]"}}, {"model": "admin.logentry", "pk": 27, "fields": {"action_time": "2023-04-11T18:22:26.573Z", "user": 1, "content_type": 11, "object_id": "1", "object_repr": "Alumno @AlumnoUno", "action_flag": 2, "change_message": "[{\"changed\": {\"fields\": [\"Photo\"]}}]"}}, {"model": "admin.logentry", "pk": 28, "fields": {"action_time": "2023-04-11T19:16:08.996Z", "user": 1, "content_type": 4, "object_id": "8", "object_repr": "AlumnoUno", "action_flag": 2, "change_message": "[{\"changed\": {\"fields\": [\"First name\", \"Last name\"]}}]"}}, {"model": "admin.logentry", "pk": 29, "fields": {"action_time": "2023-04-11T19:16:47.712Z", "user": 1, "content_type": 4, "object_id": "18", "object_repr": "IngresanteUno", "action_flag": 2, "change_message": "[{\"changed\": {\"fields\": [\"First name\", \"Last name\"]}}]"}}, {"model": "admin.logentry", "pk": 30, "fields": {"action_time": "2023-04-11T21:59:49.471Z", "user": 1, "content_type": 11, "object_id": "1", "object_repr": "Alumno @AlumnoUno", "action_flag": 3, "change_message": ""}}, {"model": "admin.logentry", "pk": 31, "fields": {"action_time": "2023-04-12T00:54:25.045Z", "user": 1, "content_type": 9, "object_id": "2", "object_repr": "Ingreso @IngresanteDos", "action_flag": 3, "change_message": ""}}, {"model": "admin.logentry", "pk": 32, "fields": {"action_time": "2023-04-12T00:54:32.913Z", "user": 1, "content_type": 9, "object_id": "1", "object_repr": "Ingreso @IngresanteUno", "action_flag": 3, "change_message": ""}}, {"model": "admin.logentry", "pk": 33, "fields": {"action_time": "2023-04-12T00:56:27.556Z", "user": 1, "content_type": 4, "object_id": "8", "object_repr": "AlumnoUno", "action_flag": 3, "change_message": ""}}, {"model": "admin.logentry", "pk": 34, "fields": {"action_time": "2023-04-13T13:30:34.095Z", "user": 1, "content_type": 15, "object_id": "1", "object_repr": "Alumno @IngresanteUno - Codo a Codo - Inicial", "action_flag": 1, "change_message": "[{\"added\": {}}]"}}, {"model": "admin.logentry", "pk": 35, "fields": {"action_time": "2023-04-13T13:30:43.834Z", "user": 1, "content_type": 15, "object_id": "2", "object_repr": "Alumno @IngresanteDos - Codo a Codo - Inicial", "action_flag": 1, "change_message": "[{\"added\": {}}]"}}, {"model": "admin.logentry", "pk": 36, "fields": {"action_time": "2023-04-13T16:45:34.017Z", "user": 1, "content_type": 11, "object_id": "4", "object_repr": "Alumno @IngresanteTres", "action_flag": 1, "change_message": "[{\"added\": {}}]"}}, {"model": "admin.logentry", "pk": 37, "fields": {"action_time": "2023-04-13T16:46:46.628Z", "user": 1, "content_type": 11, "object_id": "5", "object_repr": "Alumno @IngresanteCuatro", "action_flag": 1, "change_message": "[{\"added\": {}}]"}}, {"model": "admin.logentry", "pk": 38, "fields": {"action_time": "2023-04-13T16:48:42.853Z", "user": 1, "content_type": 15, "object_id": "3", "object_repr": "Alumno @IngresanteTres - Testing Automatizado", "action_flag": 1, "change_message": "[{\"added\": {}}]"}}, {"model": "admin.logentry", "pk": 39, "fields": {"action_time": "2023-04-13T16:49:00.685Z", "user": 1, "content_type": 15, "object_id": "4", "object_repr": "Alumno @IngresanteCuatro - Big Data / Anßlisis de Datos", "action_flag": 1, "change_message": "[{\"added\": {}}]"}}, {"model": "admin.logentry", "pk": 40, "fields": {"action_time": "2023-04-13T16:49:45.600Z", "user": 1, "content_type": 15, "object_id": "5", "object_repr": "Alumno @IngresanteCuatro - Desarrollo Web", "action_flag": 1, "change_message": "[{\"added\": {}}]"}}, {"model": "admin.logentry", "pk": 41, "fields": {"action_time": "2023-04-13T18:31:17.221Z", "user": 1, "content_type": 11, "object_id": "2", "object_repr": "Alumno @IngresanteUno", "action_flag": 2, "change_message": "[{\"changed\": {\"fields\": [\"Photo\"]}}]"}}, {"model": "admin.logentry", "pk": 42, "fields": {"action_time": "2023-04-13T18:40:51.581Z", "user": 1, "content_type": 4, "object_id": "26", "object_repr": "Sole", "action_flag": 3, "change_message": ""}}, {"model": "admin.logentry", "pk": 43, "fields": {"action_time": "2023-04-13T18:44:13.870Z", "user": 1, "content_type": 4, "object_id": "27", "object_repr": "Sole", "action_flag": 3, "change_message": ""}}, {"model": "admin.logentry", "pk": 44, "fields": {"action_time": "2023-04-13T18:46:24.681Z", "user": 1, "content_type": 4, "object_id": "28", "object_repr": "Sole", "action_flag": 3, "change_message": ""}}, {"model": "admin.logentry", "pk": 45, "fields": {"action_time": "2023-04-13T18:46:35.060Z", "user": 1, "content_type": 4, "object_id": "29", "object_repr": "Valen", "action_flag": 3, "change_message": ""}}, {"model": "admin.logentry", "pk": 46, "fields": {"action_time": "2023-04-17T18:16:37.686Z", "user": 1, "content_type": 7, "object_id": "1", "object_repr": "Tutor @IngresanteDiez", "action_flag": 1, "change_message": "[{\"added\": {}}]"}}, {"model": "admin.logentry", "pk": 47, "fields": {"action_time": "2023-04-17T18:18:40.586Z", "user": 1, "content_type": 4, "object_id": "30", "object_repr": "IngresanteDiez", "action_flag": 2, "change_message": "[{\"changed\": {\"fields\": [\"First name\", \"Last name\", \"Email address\"]}}]"}}, {"model": "admin.logentry", "pk": 48, "fields": {"action_time": "2023-04-17T18:40:36.966Z", "user": 1, "content_type": 9, "object_id": "13", "object_repr": "Ingreso @IngresanteDiez", "action_flag": 2, "change_message": "[{\"changed\": {\"fields\": [\"Rol\"]}}]"}}, {"model": "admin.logentry", "pk": 49, "fields": {"action_time": "2023-04-17T18:41:39.308Z", "user": 1, "content_type": 9, "object_id": "13", "object_repr": "Ingreso @IngresanteDiez", "action_flag": 3, "change_message": ""}}, {"model": "admin.logentry", "pk": 50, "fields": {"action_time": "2023-04-18T13:53:19.563Z", "user": 1, "content_type": 9, "object_id": "14", "object_repr": "Ingreso @Ingresante", "action_flag": 3, "change_message": ""}}, {"model": "admin.logentry", "pk": 51, "fields": {"action_time": "2023-04-18T14:03:02.320Z", "user": 1, "content_type": 11, "object_id": "6", "object_repr": "Alumno @Ingresante", "action_flag": 3, "change_message": ""}}, {"model": "admin.logentry", "pk": 52, "fields": {"action_time": "2023-04-18T14:03:16.825Z", "user": 1, "content_type": 4, "object_id": "31", "object_repr": "Ingresante", "action_flag": 3, "change_message": ""}}, {"model": "admin.logentry", "pk": 53, "fields": {"action_time": "2023-04-18T14:08:53.040Z", "user": 1, "content_type": 11, "object_id": "7", "object_repr": "Alumno @Ingresante", "action_flag": 3, "change_message": ""}}, {"model": "admin.logentry", "pk": 54, "fields": {"action_time": "2023-04-18T14:09:12.331Z", "user": 1, "content_type": 4, "object_id": "32", "object_repr": "Ingresante", "action_flag": 3, "change_message": ""}}, {"model": "admin.logentry", "pk": 55, "fields": {"action_time": "2023-04-18T14:14:45.288Z", "user": 1, "content_type": 11, "object_id": "8", "object_repr": "Alumno @Ingresante", "action_flag": 3, "change_message": ""}}, {"model": "admin.logentry", "pk": 56, "fields": {"action_time": "2023-04-18T14:14:58.073Z", "user": 1, "content_type": 4, "object_id": "33", "object_repr": "Ingresante", "action_flag": 3, "change_message": ""}}, {"model": "admin.logentry", "pk": 57, "fields": {"action_time": "2023-04-18T14:22:28.488Z", "user": 1, "content_type": 4, "object_id": "34", "object_repr": "Ingresante", "action_flag": 3, "change_message": ""}}, {"model": "admin.logentry", "pk": 58, "fields": {"action_time": "2023-04-18T20:56:46.025Z", "user": 1, "content_type": 4, "object_id": "35", "object_repr": "Ingresante", "action_flag": 3, "change_message": ""}}, {"model": "admin.logentry", "pk": 59, "fields": {"action_time": "2023-04-27T21:50:29.355Z", "user": 1, "content_type": 11, "object_id": "11", "object_repr": "Alumno @IngresanteOcho", "action_flag": 3, "change_message": ""}}, {"model": "admin.logentry", "pk": 60, "fields": {"action_time": "2023-04-27T21:51:11.857Z", "user": 1, "content_type": 9, "object_id": "19", "object_repr": "Ingreso @IngresanteOcho", "action_flag": 1, "change_message": "[{\"added\": {}}]"}}, {"model": "admin.logentry", "pk": 61, "fields": {"action_time": "2023-04-27T22:02:18.510Z", "user": 1, "content_type": 11, "object_id": "12", "object_repr": "Alumno @IngresanteOcho", "action_flag": 3, "change_message": ""}}, {"model": "admin.logentry", "pk": 62, "fields": {"action_time": "2023-04-27T22:02:31.799Z", "user": 1, "content_type": 9, "object_id": "20", "object_repr": "Ingreso @IngresanteOcho", "action_flag": 1, "change_message": "[{\"added\": {}}]"}}, {"model": "admin.logentry", "pk": 63, "fields": {"action_time": "2023-04-27T22:07:18.390Z", "user": 1, "content_type": 11, "object_id": "13", "object_repr": "Alumno @IngresanteOcho", "action_flag": 3, "change_message": ""}}, {"model": "admin.logentry", "pk": 64, "fields": {"action_time": "2023-04-27T22:07:36.975Z", "user": 1, "content_type": 9, "object_id": "21", "object_repr": "Ingreso @IngresanteOcho", "action_flag": 1, "change_message": "[{\"added\": {}}]"}}, {"model": "admin.logentry", "pk": 65, "fields": {"action_time": "2023-04-27T22:12:48.739Z", "user": 1, "content_type": 11, "object_id": "14", "object_repr": "Alumno @IngresanteOcho", "action_flag": 3, "change_message": ""}}, {"model": "admin.logentry", "pk": 66, "fields": {"action_time": "2023-04-27T22:13:04.017Z", "user": 1, "content_type": 9, "object_id": "22", "object_repr": "Ingreso @IngresanteOcho", "action_flag": 1, "change_message": "[{\"added\": {}}]"}}, {"model": "admin.logentry", "pk": 67, "fields": {"action_time": "2023-04-29T14:44:30.712Z", "user": 1, "content_type": 11, "object_id": "15", "object_repr": "Alumno @IngresanteOcho", "action_flag": 3, "change_message": ""}}, {"model": "admin.logentry", "pk": 68, "fields": {"action_time": "2023-04-29T14:44:46.128Z", "user": 1, "content_type": 9, "object_id": "23", "object_repr": "Ingreso @IngresanteOcho", "action_flag": 1, "change_message": "[{\"added\": {}}]"}}, {"model": "admin.logentry", "pk": 69, "fields": {"action_time": "2023-04-29T14:53:54.700Z", "user": 1, "content_type": 11, "object_id": "16", "object_repr": "Alumno @IngresanteOcho", "action_flag": 3, "change_message": ""}}, {"model": "admin.logentry", "pk": 70, "fields": {"action_time": "2023-04-29T14:54:07.807Z", "user": 1, "content_type": 9, "object_id": "24", "object_repr": "Ingreso @IngresanteOcho", "action_flag": 1, "change_message": "[{\"added\": {}}]"}}, {"model": "admin.logentry", "pk": 71, "fields": {"action_time": "2023-04-29T15:29:51.912Z", "user": 1, "content_type": 11, "object_id": "17", "object_repr": "Alumno @IngresanteOcho", "action_flag": 3, "change_message": ""}}, {"model": "admin.logentry", "pk": 72, "fields": {"action_time": "2023-04-29T15:30:07.857Z", "user": 1, "content_type": 9, "object_id": "25", "object_repr": "Ingreso @IngresanteOcho", "action_flag": 1, "change_message": "[{\"added\": {}}]"}}, {"model": "admin.logentry", "pk": 73, "fields": {"action_time": "2023-04-29T16:13:32.070Z", "user": 1, "content_type": 11, "object_id": "18", "object_repr": "Alumno @IngresanteOcho", "action_flag": 3, "change_message": ""}}, {"model": "admin.logentry", "pk": 74, "fields": {"action_time": "2023-04-29T16:13:46.740Z", "user": 1, "content_type": 9, "object_id": "26", "object_repr": "Ingreso @IngresanteOcho", "action_flag": 1, "change_message": "[{\"added\": {}}]"}}, {"model": "admin.logentry", "pk": 75, "fields": {"action_time": "2023-04-29T17:13:07.913Z", "user": 1, "content_type": 11, "object_id": "19", "object_repr": "Alumno @IngresanteOcho", "action_flag": 3, "change_message": ""}}, {"model": "admin.logentry", "pk": 76, "fields": {"action_time": "2023-04-29T17:13:22.538Z", "user": 1, "content_type": 9, "object_id": "27", "object_repr": "Ingreso @IngresanteOcho", "action_flag": 1, "change_message": "[{\"added\": {}}]"}}, {"model": "admin.logentry", "pk": 77, "fields": {"action_time": "2023-04-29T17:19:23.886Z", "user": 1, "content_type": 11, "object_id": "20", "object_repr": "Alumno @IngresanteOcho", "action_flag": 3, "change_message": ""}}, {"model": "admin.logentry", "pk": 78, "fields": {"action_time": "2023-04-29T17:19:37.380Z", "user": 1, "content_type": 9, "object_id": "28", "object_repr": "Ingreso @IngresanteOcho", "action_flag": 1, "change_message": "[{\"added\": {}}]"}}, {"model": "admin.logentry", "pk": 79, "fields": {"action_time": "2023-04-29T17:23:06.879Z", "user": 1, "content_type": 11, "object_id": "21", "object_repr": "Alumno @IngresanteOcho", "action_flag": 3, "change_message": ""}}, {"model": "admin.logentry", "pk": 80, "fields": {"action_time": "2023-04-29T17:23:20.021Z", "user": 1, "content_type": 9, "object_id": "29", "object_repr": "Ingreso @IngresanteOcho", "action_flag": 1, "change_message": "[{\"added\": {}}]"}}, {"model": "admin.logentry", "pk": 81, "fields": {"action_time": "2023-04-29T17:31:28.442Z", "user": 1, "content_type": 11, "object_id": "22", "object_repr": "Alumno @IngresanteOcho", "action_flag": 3, "change_message": ""}}, {"model": "admin.logentry", "pk": 82, "fields": {"action_time": "2023-04-29T17:31:47.034Z", "user": 1, "content_type": 9, "object_id": "30", "object_repr": "Ingreso @IngresanteOcho", "action_flag": 1, "change_message": "[{\"added\": {}}]"}}, {"model": "admin.logentry", "pk": 83, "fields": {"action_time": "2023-04-29T17:36:01.666Z", "user": 1, "content_type": 11, "object_id": "23", "object_repr": "Alumno @IngresanteOcho", "action_flag": 3, "change_message": ""}}, {"model": "admin.logentry", "pk": 84, "fields": {"action_time": "2023-04-29T17:36:16.664Z", "user": 1, "content_type": 9, "object_id": "31", "object_repr": "Ingreso @IngresanteOcho", "action_flag": 1, "change_message": "[{\"added\": {}}]"}}, {"model": "admin.logentry", "pk": 85, "fields": {"action_time": "2023-04-29T17:36:53.133Z", "user": 1, "content_type": 11, "object_id": "24", "object_repr": "Alumno @IngresanteOcho", "action_flag": 3, "change_message": ""}}, {"model": "admin.logentry", "pk": 86, "fields": {"action_time": "2023-04-29T17:37:02.891Z", "user": 1, "content_type": 9, "object_id": "32", "object_repr": "Ingreso @IngresanteOcho", "action_flag": 1, "change_message": "[{\"added\": {}}]"}}, {"model": "admin.logentry", "pk": 87, "fields": {"action_time": "2023-05-02T15:08:25.755Z", "user": 1, "content_type": 4, "object_id": "10", "object_repr": "DocenteDos", "action_flag": 2, "change_message": "[{\"changed\": {\"fields\": [\"First name\", \"Last name\"]}}]"}}, {"model": "admin.logentry", "pk": 88, "fields": {"action_time": "2023-05-02T15:09:03.788Z", "user": 1, "content_type": 4, "object_id": "11", "object_repr": "DocenteTres", "action_flag": 2, "change_message": "[{\"changed\": {\"fields\": [\"First name\", \"Last name\"]}}]"}}, {"model": "admin.logentry", "pk": 89, "fields": {"action_time": "2023-05-02T15:16:00.732Z", "user": 1, "content_type": 11, "object_id": "25", "object_repr": "Alumno @IngresanteOcho", "action_flag": 3, "change_message": ""}}, {"model": "admin.logentry", "pk": 90, "fields": {"action_time": "2023-05-02T15:16:16.788Z", "user": 1, "content_type": 9, "object_id": "33", "object_repr": "Ingreso @IngresanteOcho", "action_flag": 1, "change_message": "[{\"added\": {}}]"}}, {"model": "admin.logentry", "pk": 91, "fields": {"action_time": "2023-05-02T22:00:06.602Z", "user": 1, "content_type": 11, "object_id": "26", "object_repr": "Alumno @IngresanteOcho", "action_flag": 3, "change_message": ""}}, {"model": "admin.logentry", "pk": 92, "fields": {"action_time": "2023-05-02T22:00:23.685Z", "user": 1, "content_type": 9, "object_id": "34", "object_repr": "Ingreso @IngresanteOcho", "action_flag": 1, "change_message": "[{\"added\": {}}]"}}, {"model": "admin.logentry", "pk": 93, "fields": {"action_time": "2023-05-02T22:44:06.365Z", "user": 1, "content_type": 11, "object_id": "27", "object_repr": "Alumno @IngresanteOcho", "action_flag": 3, "change_message": ""}}, {"model": "admin.logentry", "pk": 94, "fields": {"action_time": "2023-05-02T22:44:23.896Z", "user": 1, "content_type": 9, "object_id": "35", "object_repr": "Ingreso @IngresanteOcho", "action_flag": 1, "change_message": "[{\"added\": {}}]"}}, {"model": "admin.logentry", "pk": 95, "fields": {"action_time": "2023-05-04T21:46:30.669Z", "user": 1, "content_type": 11, "object_id": "28", "object_repr": "Alumno @IngresanteOcho", "action_flag": 3, "change_message": ""}}, {"model": "admin.logentry", "pk": 96, "fields": {"action_time": "2023-05-04T21:46:46.869Z", "user": 1, "content_type": 9, "object_id": "36", "object_repr": "Ingreso @IngresanteOcho", "action_flag": 1, "change_message": "[{\"added\": {}}]"}}, {"model": "admin.logentry", "pk": 97, "fields": {"action_time": "2023-05-09T18:40:01.691Z", "user": 1, "content_type": 12, "object_id": "1", "object_repr": "Full Stack Desarrollo Web", "action_flag": 2, "change_message": "[{\"changed\": {\"fields\": [\"Nombre\"]}}]"}}, {"model": "admin.logentry", "pk": 98, "fields": {"action_time": "2023-05-09T18:45:56.004Z", "user": 1, "content_type": 12, "object_id": "1", "object_repr": "Full Stack Desarrollo Web", "action_flag": 2, "change_message": "[{\"changed\": {\"fields\": [\"Nombre\"]}}]"}}, {"model": "admin.logentry", "pk": 99, "fields": {"action_time": "2023-05-09T21:23:45.463Z", "user": 1, "content_type": 12, "object_id": "2", "object_repr": "Testing Automatizado", "action_flag": 2, "change_message": "[{\"changed\": {\"fields\": [\"Eliminada\"]}}]"}}, {"model": "admin.logentry", "pk": 100, "fields": {"action_time": "2023-05-09T21:23:57.557Z", "user": 1, "content_type": 12, "object_id": "1", "object_repr": "Full 4Stack Desarrollo Web", "action_flag": 2, "change_message": "[{\"changed\": {\"fields\": [\"Eliminada\"]}}]"}}, {"model": "admin.logentry", "pk": 101, "fields": {"action_time": "2023-05-09T21:41:21.823Z", "user": 1, "content_type": 12, "object_id": "5", "object_repr": "Para borrar", "action_flag": 3, "change_message": ""}}, {"model": "auth.permission", "pk": 1, "fields": {"name": "Can add log entry", "content_type": 1, "codename": "add_logentry"}}, {"model": "auth.permission", "pk": 2, "fields": {"name": "Can change log entry", "content_type": 1, "codename": "change_logentry"}}, {"model": "auth.permission", "pk": 3, "fields": {"name": "Can delete log entry", "content_type": 1, "codename": "delete_logentry"}}, {"model": "auth.permission", "pk": 4, "fields": {"name": "Can view log entry", "content_type": 1, "codename": "view_logentry"}}, {"model": "auth.permission", "pk": 5, "fields": {"name": "Can add permission", "content_type": 2, "codename": "add_permission"}}, {"model": "auth.permission", "pk": 6, "fields": {"name": "Can change permission", "content_type": 2, "codename": "change_permission"}}, {"model": "auth.permission", "pk": 7, "fields": {"name": "Can delete permission", "content_type": 2, "codename": "delete_permission"}}, {"model": "auth.permission", "pk": 8, "fields": {"name": "Can view permission", "content_type": 2, "codename": "view_permission"}}, {"model": "auth.permission", "pk": 9, "fields": {"name": "Can add group", "content_type": 3, "codename": "add_group"}}, {"model": "auth.permission", "pk": 10, "fields": {"name": "Can change group", "content_type": 3, "codename": "change_group"}}, {"model": "auth.permission", "pk": 11, "fields": {"name": "Can delete group", "content_type": 3, "codename": "delete_group"}}, {"model": "auth.permission", "pk": 12, "fields": {"name": "Can view group", "content_type": 3, "codename": "view_group"}}, {"model": "auth.permission", "pk": 13, "fields": {"name": "Can add user", "content_type": 4, "codename": "add_user"}}, {"model": "auth.permission", "pk": 14, "fields": {"name": "Can change user", "content_type": 4, "codename": "change_user"}}, {"model": "auth.permission", "pk": 15, "fields": {"name": "Can delete user", "content_type": 4, "codename": "delete_user"}}, {"model": "auth.permission", "pk": 16, "fields": {"name": "Can view user", "content_type": 4, "codename": "view_user"}}, {"model": "auth.permission", "pk": 17, "fields": {"name": "Can add content type", "content_type": 5, "codename": "add_contenttype"}}, {"model": "auth.permission", "pk": 18, "fields": {"name": "Can change content type", "content_type": 5, "codename": "change_contenttype"}}, {"model": "auth.permission", "pk": 19, "fields": {"name": "Can delete content type", "content_type": 5, "codename": "delete_contenttype"}}, {"model": "auth.permission", "pk": 20, "fields": {"name": "Can view content type", "content_type": 5, "codename": "view_contenttype"}}, {"model": "auth.permission", "pk": 21, "fields": {"name": "Can add session", "content_type": 6, "codename": "add_session"}}, {"model": "auth.permission", "pk": 22, "fields": {"name": "Can change session", "content_type": 6, "codename": "change_session"}}, {"model": "auth.permission", "pk": 23, "fields": {"name": "Can delete session", "content_type": 6, "codename": "delete_session"}}, {"model": "auth.permission", "pk": 24, "fields": {"name": "Can view session", "content_type": 6, "codename": "view_session"}}, {"model": "auth.permission", "pk": 25, "fields": {"name": "Can add tutor", "content_type": 7, "codename": "add_tutor"}}, {"model": "auth.permission", "pk": 26, "fields": {"name": "Can change tutor", "content_type": 7, "codename": "change_tutor"}}, {"model": "auth.permission", "pk": 27, "fields": {"name": "Can delete tutor", "content_type": 7, "codename": "delete_tutor"}}, {"model": "auth.permission", "pk": 28, "fields": {"name": "Can view tutor", "content_type": 7, "codename": "view_tutor"}}, {"model": "auth.permission", "pk": 29, "fields": {"name": "Can add inscripto", "content_type": 8, "codename": "add_inscripto"}}, {"model": "auth.permission", "pk": 30, "fields": {"name": "Can change inscripto", "content_type": 8, "codename": "change_inscripto"}}, {"model": "auth.permission", "pk": 31, "fields": {"name": "Can delete inscripto", "content_type": 8, "codename": "delete_inscripto"}}, {"model": "auth.permission", "pk": 32, "fields": {"name": "Can view inscripto", "content_type": 8, "codename": "view_inscripto"}}, {"model": "auth.permission", "pk": 33, "fields": {"name": "Can add ingreso persona", "content_type": 9, "codename": "add_ingresopersona"}}, {"model": "auth.permission", "pk": 34, "fields": {"name": "Can change ingreso persona", "content_type": 9, "codename": "change_ingresopersona"}}, {"model": "auth.permission", "pk": 35, "fields": {"name": "Can delete ingreso persona", "content_type": 9, "codename": "delete_ingresopersona"}}, {"model": "auth.permission", "pk": 36, "fields": {"name": "Can view ingreso persona", "content_type": 9, "codename": "view_ingresopersona"}}, {"model": "auth.permission", "pk": 37, "fields": {"name": "Can add docente", "content_type": 10, "codename": "add_docente"}}, {"model": "auth.permission", "pk": 38, "fields": {"name": "Can change docente", "content_type": 10, "codename": "change_docente"}}, {"model": "auth.permission", "pk": 39, "fields": {"name": "Can delete docente", "content_type": 10, "codename": "delete_docente"}}, {"model": "auth.permission", "pk": 40, "fields": {"name": "Can view docente", "content_type": 10, "codename": "view_docente"}}, {"model": "auth.permission", "pk": 41, "fields": {"name": "Can add alumno", "content_type": 11, "codename": "add_alumno"}}, {"model": "auth.permission", "pk": 42, "fields": {"name": "Can change alumno", "content_type": 11, "codename": "change_alumno"}}, {"model": "auth.permission", "pk": 43, "fields": {"name": "Can delete alumno", "content_type": 11, "codename": "delete_alumno"}}, {"model": "auth.permission", "pk": 44, "fields": {"name": "Can view alumno", "content_type": 11, "codename": "view_alumno"}}, {"model": "auth.permission", "pk": 45, "fields": {"name": "Can add categoria", "content_type": 12, "codename": "add_categoria"}}, {"model": "auth.permission", "pk": 46, "fields": {"name": "Can change categoria", "content_type": 12, "codename": "change_categoria"}}, {"model": "auth.permission", "pk": 47, "fields": {"name": "Can delete categoria", "content_type": 12, "codename": "delete_categoria"}}, {"model": "auth.permission", "pk": 48, "fields": {"name": "Can view categoria", "content_type": 12, "codename": "view_categoria"}}, {"model": "auth.permission", "pk": 49, "fields": {"name": "Can add curso", "content_type": 13, "codename": "add_curso"}}, {"model": "auth.permission", "pk": 50, "fields": {"name": "Can change curso", "content_type": 13, "codename": "change_curso"}}, {"model": "auth.permission", "pk": 51, "fields": {"name": "Can delete curso", "content_type": 13, "codename": "delete_curso"}}, {"model": "auth.permission", "pk": 52, "fields": {"name": "Can view curso", "content_type": 13, "codename": "view_curso"}}, {"model": "auth.permission", "pk": 53, "fields": {"name": "Can add proyecto", "content_type": 14, "codename": "add_proyecto"}}, {"model": "auth.permission", "pk": 54, "fields": {"name": "Can change proyecto", "content_type": 14, "codename": "change_proyecto"}}, {"model": "auth.permission", "pk": 55, "fields": {"name": "Can delete proyecto", "content_type": 14, "codename": "delete_proyecto"}}, {"model": "auth.permission", "pk": 56, "fields": {"name": "Can view proyecto", "content_type": 14, "codename": "view_proyecto"}}, {"model": "auth.permission", "pk": 57, "fields": {"name": "Can add inscripcion", "content_type": 15, "codename": "add_inscripcion"}}, {"model": "auth.permission", "pk": 58, "fields": {"name": "Can change inscripcion", "content_type": 15, "codename": "change_inscripcion"}}, {"model": "auth.permission", "pk": 59, "fields": {"name": "Can delete inscripcion", "content_type": 15, "codename": "delete_inscripcion"}}, {"model": "auth.permission", "pk": 60, "fields": {"name": "Can view inscripcion", "content_type": 15, "codename": "view_inscripcion"}}, {"model": "auth.user", "pk": 1, "fields": {"password": "pbkdf2_sha256$390000$Mq156qbi6Gstb3QTmcUEzh$0+ACHKxop9j+UeWd5fzbog8FVCK9EREjafn2gjjImDI=", "last_login": "2023-05-09T18:07:56.523Z", "is_superuser": true, "username": "admin", "first_name": "", "last_name": "", "email": "admin@caba.gov.ar", "is_staff": true, "is_active": true, "date_joined": "2023-04-10T14:54:39.694Z", "groups": [], "user_permissions": []}}, {"model": "auth.user", "pk": 9, "fields": {"password": "pbkdf2_sha256$390000$JJ3bKUxqBPsFZYZazzj17h$6kQUQgTTpa+Z1B8xgLSzk8MdV9Kk6FNrcDKVbZgzPGQ=", "last_login": "2023-05-04T21:49:20.963Z", "is_superuser": false, "username": "DocenteUno", "first_name": "Docente", "last_name": "Uno", "email": "DocenteUno@caba.gob.ar", "is_staff": false, "is_active": true, "date_joined": "2023-04-10T15:41:43Z", "groups": [], "user_permissions": []}}, {"model": "auth.user", "pk": 10, "fields": {"password": "pbkdf2_sha256$390000$PmF23Pbm3kZWz1mGuSO7t5$ojovqxhFf1q8W2pHjfkwS6nB8YoPO2BczcytuhX1xWw=", "last_login": "2023-04-18T14:20:41Z", "is_superuser": false, "username": "DocenteDos", "first_name": "Docente", "last_name": "Dos", "email": "DocenteDos@caba.gob.ar", "is_staff": false, "is_active": true, "date_joined": "2023-04-10T16:18:19Z", "groups": [], "user_permissions": []}}, {"model": "auth.user", "pk": 11, "fields": {"password": "pbkdf2_sha256$390000$JRHZojEjo34pzS17be7TOm$iPa1fJIdGbJiGwCruDAdNPIbSZmdg2RqsfMshW010ms=", "last_login": "2023-04-10T16:19:04Z", "is_superuser": false, "username": "DocenteTres", "first_name": "Docente", "last_name": "Tres", "email": "DocenteTres@caba.gov.ar", "is_staff": false, "is_active": true, "date_joined": "2023-04-10T16:19:04Z", "groups": [], "user_permissions": []}}, {"model": "auth.user", "pk": 18, "fields": {"password": "pbkdf2_sha256$390000$LGfkXNQ5jkWMYOkIkbkQYP$d0pbHYTGNIA8/wjGqEKnu5nPd2H9NVMHEGSgtJ76GtM=", "last_login": "2023-05-08T18:01:14.199Z", "is_superuser": false, "username": "IngresanteUno", "first_name": "Ingresante", "last_name": "Uno", "email": "IngresanteUno@caba.gov.ar", "is_staff": false, "is_active": true, "date_joined": "2023-04-11T13:08:07Z", "groups": [], "user_permissions": []}}, {"model": "auth.user", "pk": 19, "fields": {"password": "pbkdf2_sha256$390000$k9r9FQuQNDyrLs4csHM7sU$fCeJsKaaPJFYjGluNydmr203z8NPVh2EwcEwb9LMfRM=", "last_login": "2023-04-13T21:42:05.032Z", "is_superuser": false, "username": "IngresanteDos", "first_name": "", "last_name": "", "email": "IngresanteDos@caba.gov.ar", "is_staff": false, "is_active": true, "date_joined": "2023-04-11T22:09:58.821Z", "groups": [], "user_permissions": []}}, {"model": "auth.user", "pk": 20, "fields": {"password": "pbkdf2_sha256$390000$FXbxuxDA2526cRvtuHyh33$UFj4cGYkCYFFdx8q2LEUdciiCN2rwGu8XYT8/1aW0ek=", "last_login": "2023-04-18T01:19:19.834Z", "is_superuser": false, "username": "IngresanteTres", "first_name": "", "last_name": "", "email": "IngresanteTres@caba.gov.ar", "is_staff": false, "is_active": true, "date_joined": "2023-04-12T00:51:28.105Z", "groups": [], "user_permissions": []}}, {"model": "auth.user", "pk": 21, "fields": {"password": "pbkdf2_sha256$390000$cS0egUNUILbJsb399ibgEA$bSEluGVCgj2YIH2hYE5rKwZf75NXbKXkBDHMoV4EZdA=", "last_login": "2023-04-18T01:17:20.622Z", "is_superuser": false, "username": "IngresanteCuatro", "first_name": "", "last_name": "", "email": "IngresanteCuatro@caba.gov.ar", "is_staff": false, "is_active": true, "date_joined": "2023-04-12T00:58:01.700Z", "groups": [], "user_permissions": []}}, {"model": "auth.user", "pk": 22, "fields": {"password": "pbkdf2_sha256$390000$XaS5WGvBVuX6AsFzQ7qC2f$ipohhLkrS3lceoXP+tY+UBTw6AKKHSZ8lRLhkFYFggw=", "last_login": "2023-04-13T17:42:47.549Z", "is_superuser": false, "username": "IngresanteCinco", "first_name": "", "last_name": "", "email": "IngresanteCinco@caba", "is_staff": false, "is_active": true, "date_joined": "2023-04-13T17:42:11.876Z", "groups": [], "user_permissions": []}}, {"model": "auth.user", "pk": 23, "fields": {"password": "pbkdf2_sha256$390000$232tlxI46BsCP3dXKC2Fzw$Ogy5Uj0l2BmUKV0lg8/b0RMg2D0h7qHb6IGnQpkWHo0=", "last_login": "2023-04-13T17:45:52.238Z", "is_superuser": false, "username": "IngresanteSeis", "first_name": "", "last_name": "", "email": "IngresanteSeis@caba.gov.ar", "is_staff": false, "is_active": true, "date_joined": "2023-04-13T17:45:51.401Z", "groups": [], "user_permissions": []}}, {"model": "auth.user", "pk": 24, "fields": {"password": "pbkdf2_sha256$390000$uZwMfkRxDA5dsynAkXYffB$VA211INXcesmdwAOpsetrvL0NnIWi2l2udysyrKGX5o=", "last_login": "2023-04-13T17:47:33.245Z", "is_superuser": false, "username": "IngresanteSiete", "first_name": "", "last_name": "", "email": "IngresanteSiete@caba.gov.ar", "is_staff": false, "is_active": true, "date_joined": "2023-04-13T17:47:32.337Z", "groups": [], "user_permissions": []}}, {"model": "auth.user", "pk": 25, "fields": {"password": "pbkdf2_sha256$390000$YBox3QcMvnJqW4STG13HJs$E0sgS6LOphagrbWf8PO6topVECIlnYie2SfSf/fFeuE=", "last_login": "2023-05-09T18:09:41.095Z", "is_superuser": false, "username": "IngresanteOcho", "first_name": "", "last_name": "", "email": "IngresanteOcho@caba", "is_staff": false, "is_active": true, "date_joined": "2023-04-13T18:17:50.321Z", "groups": [], "user_permissions": []}}, {"model": "auth.user", "pk": 30, "fields": {"password": "pbkdf2_sha256$390000$rKVDVtx1MKWHoyhBPoYy2J$Q//Y3pQriKcdqxbGSrb4v80jmxBntU7OnlboQUR3c0M=", "last_login": "2023-05-11T16:47:16.989Z", "is_superuser": false, "username": "IngresanteDiez", "first_name": "Tutor", "last_name": "Tutor", "email": "IngresanteDiez@caba.gov.ar", "is_staff": false, "is_active": true, "date_joined": "2023-04-14T01:46:18Z", "groups": [], "user_permissions": []}}, {"model": "contenttypes.contenttype", "pk": 1, "fields": {"app_label": "admin", "model": "logentry"}}, {"model": "contenttypes.contenttype", "pk": 2, "fields": {"app_label": "auth", "model": "permission"}}, {"model": "contenttypes.contenttype", "pk": 3, "fields": {"app_label": "auth", "model": "group"}}, {"model": "contenttypes.contenttype", "pk": 4, "fields": {"app_label": "auth", "model": "user"}}, {"model": "contenttypes.contenttype", "pk": 5, "fields": {"app_label": "contenttypes", "model": "contenttype"}}, {"model": "contenttypes.contenttype", "pk": 6, "fields": {"app_label": "sessions", "model": "session"}}, {"model": "contenttypes.contenttype", "pk": 7, "fields": {"app_label": "gestion_personas", "model": "tutor"}}, {"model": "contenttypes.contenttype", "pk": 8, "fields": {"app_label": "gestion_personas", "model": "inscripto"}}, {"model": "contenttypes.contenttype", "pk": 9, "fields": {"app_label": "gestion_personas", "model": "ingresopersona"}}, {"model": "contenttypes.contenttype", "pk": 10, "fields": {"app_label": "gestion_personas", "model": "docente"}}, {"model": "contenttypes.contenttype", "pk": 11, "fields": {"app_label": "gestion_personas", "model": "alumno"}}, {"model": "contenttypes.contenttype", "pk": 12, "fields": {"app_label": "gestion_cursos", "model": "categoria"}}, {"model": "contenttypes.contenttype", "pk": 13, "fields": {"app_label": "gestion_cursos", "model": "curso"}}, {"model": "contenttypes.contenttype", "pk": 14, "fields": {"app_label": "gestion_cursos", "model": "proyecto"}}, {"model": "contenttypes.contenttype", "pk": 15, "fields": {"app_label": "gestion_cursos", "model": "inscripcion"}}, {"model": "sessions.session", "pk": "3lc71c6dyl5z1k94yz8usbjdhmi1g3iw", "fields": {"session_data": ".eJxVjEEOwiAQRe_C2pAiyIBL956BDMOMVA1NSrsy3l2bdKHb_977L5VwXWpaO89pLOqsjDr8bhnpwW0D5Y7tNmma2jKPWW-K3mnX16nw87K7fwcVe_3WwYVIwRJFNgHFQj46GmJAAmE_iGMU8FA8BmtRTPGMDgTh5J1ES-r9AfSGOIY:1ps9UW:ajN0AD7ApYTVYTy_lb_Uqeijn7pychabEQ4RGLXYkaY", "expire_date": "2023-05-11T21:49:28.495Z"}}, {"model": "sessions.session", "pk": "46dankt01mhqaogyq7bj7itmtvgmnga1", "fields": {"session_data": "e30:1pmEin:SWp66FV8_sWas_9KBtmnR7Cv-iwgH273GKP0-3zB-Kc", "expire_date": "2023-04-25T14:11:45.054Z"}}, {"model": "sessions.session", "pk": "5ezlvglyfr80ih3z0te7u0lyouv207am", "fields": {"session_data": "e30:1pmDyZ:A-P4xBR5giZN7Bh4nx2TSg2XRL6Myh7QYyLd-QA90io", "expire_date": "2023-04-25T13:23:59.184Z"}}, {"model": "sessions.session", "pk": "5nvltdri44w5skqz0yvws3kmoqk3ei6o", "fields": {"session_data": "e30:1pn0aa:aRehx5YbPemd3fIC_dgNczhYchUVb9fOEuj0R1QpLKc", "expire_date": "2023-04-27T17:18:28.311Z"}}, {"model": "sessions.session", "pk": "6k2byxq16oekbvy8ep7qpgk3fxy8pxru", "fields": {"session_data": "e30:1pmHIK:sRefFA6NqUA0EbqnaAC9W71hfbqsdK2BgydkI0nZQnk", "expire_date": "2023-04-25T16:56:36.698Z"}}, {"model": "sessions.session", "pk": "71gsrfgv4hvthxmv33an671wm5p6kuyh", "fields": {"session_data": "e30:1pmEEI:RMgJEJEAJGAdJKp0-Lv1SYR_wgba6YKvt08X5oxDOw4", "expire_date": "2023-04-25T13:40:14.651Z"}}, {"model": "sessions.session", "pk": "730c9ynvvvbjdt06bwbps1etgg4renif", "fields": {"session_data": "e30:1pmE8q:H-Xye2ctuh7-LvdPjVoIMVtkTFY5FTPn6tFKfRC9MNc", "expire_date": "2023-04-25T13:34:36.642Z"}}, {"model": "sessions.session", "pk": "7nmag518cvc7c779zlie90do33z4qz26", "fields": {"session_data": ".eJxVjEEOwiAQRe_C2pAiyIBL956BDMOMVA1NSrsy3l2bdKHb_977L5VwXWpaO89pLOqsjDr8bhnpwW0D5Y7tNmma2jKPWW-K3mnX16nw87K7fwcVe_3WwYVIwRJFNgHFQj46GmJAAmE_iGMU8FA8BmtRTPGMDgTh5J1ES-r9AfSGOIY:1ptow2:O4fdMiVGwV_z_YhQtuJMT0mbWNB3n9A9Due_gYrboEw", "expire_date": "2023-05-16T12:16:46.753Z"}}, {"model": "sessions.session", "pk": "8euti42i0sj4t8g6x0lub2fisag8j8zs", "fields": {"session_data": ".eJxVjEEOwiAQRe_C2pAiyIBL956BDMOMVA1NSrsy3l2bdKHb_977L5VwXWpaO89pLOqsjDr8bhnpwW0D5Y7tNmma2jKPWW-K3mnX16nw87K7fwcVe_3WwYVIwRJFNgHFQj46GmJAAmE_iGMU8FA8BmtRTPGMDgTh5J1ES-r9AfSGOIY:1polZa:GrCS8QGy8k_vBe9wUoxem6x-9qxC_TrePon4ElHxto4", "expire_date": "2023-05-02T13:40:42.910Z"}}, {"model": "sessions.session", "pk": "9jkfrrcagfghxxb9qlodqhfinvmsnctn", "fields": {"session_data": ".eJxVjEEOwiAQRe_C2pAiyIBL956BDMOMVA1NSrsy3l2bdKHb_977L5VwXWpaO89pLOqsjDr8bhnpwW0D5Y7tNmma2jKPWW-K3mnX16nw87K7fwcVe_3WwYVIwRJFNgHFQj46GmJAAmE_iGMU8FA8BmtRTPGMDgTh5J1ES-r9AfSGOIY:1pmIbn:l2yynD2zvzJRd9I77AXwmbba-omz7oMgDfrm2UOHDZk", "expire_date": "2023-04-25T18:20:47.749Z"}}, {"model": "sessions.session", "pk": "bltnhno3amp5jysu6jbl1g0hj1d7xh6v", "fields": {"session_data": "e30:1plvOb:ZQRNDQa1xBh2-1hxFXsTLmMWivj8KLD1gQN1KHaY3xo", "expire_date": "2023-04-24T17:33:37.250Z"}}, {"model": "sessions.session", "pk": "bsdwcwx6amfog9r9qh8ni6ld9u4wyo1e", "fields": {"session_data": "e30:1pmGzY:D4mRt4Cn8PmA4zaARf_PnUS827_Z3rgG7RZwPEqyr44", "expire_date": "2023-04-25T16:37:12.756Z"}}, {"model": "sessions.session", "pk": "cd7dec4mzghxhxi3hx5to3hj0zolnpu6", "fields": {"session_data": "e30:1pn0MT:_bxMxh8zPgwJd8tyfKEK4uqcp_Vrk-ixEatsWN3EPgU", "expire_date": "2023-04-27T17:03:53.573Z"}}, {"model": "sessions.session", "pk": "dtwex3p8204jzxmir7fvxs68v056nn5v", "fields": {"session_data": "e30:1pmGvL:ODaAwQBdbfgSgfK_JcXVUJM6s-JVAh8py24GN46LbTI", "expire_date": "2023-04-25T16:32:51.038Z"}}, {"model": "sessions.session", "pk": "dz6yvb8vk8dm4a7iwro0s30bvq5089l8", "fields": {"session_data": "e30:1pmElJ:tlG-iId5JsQyzgxe1jLDYBKYbUJq3L9WVFoEL3NVNMY", "expire_date": "2023-04-25T14:14:21.885Z"}}, {"model": "sessions.session", "pk": "eutmqfzoohsh3boe604wcs59k22fj5mu", "fields": {"session_data": "e30:1pmEC1:36PQcafPzFZ66FdCbInfFIVCV3Gko0x_l6NIoI3frRE", "expire_date": "2023-04-25T13:37:53.441Z"}}, {"model": "sessions.session", "pk": "f1x0l9pntz4994a6nfarhg5gxz9ktxch", "fields": {"session_data": ".eJxVjEEOwiAQRe_C2pAiyIBL956BDMOMVA1NSrsy3l2bdKHb_977L5VwXWpaO89pLOqsjDr8bhnpwW0D5Y7tNmma2jKPWW-K3mnX16nw87K7fwcVe_3WwYVIwRJFNgHFQj46GmJAAmE_iGMU8FA8BmtRTPGMDgTh5J1ES-r9AfSGOIY:1pw3Vm:dGHB-3-1EUlHI9PNZnuAZ4_n2aNI0jj6hZ_9vQL42AM", "expire_date": "2023-05-22T16:14:54.114Z"}}, {"model": "sessions.session", "pk": "fovqxe952a5bkhbduv4h9wqtxjag55r1", "fields": {"session_data": "e30:1pmEoV:kcbd2bxf7A6bN5vfO56ANZLEGbHAKxsGPnE2D8h_J8E", "expire_date": "2023-04-25T14:17:39.149Z"}}, {"model": "sessions.session", "pk": "gqb2kqcmhjmia3kgo3ulbos3hqk2iaor", "fields": {"session_data": "e30:1pmHHy:3IDKYGw7YqWEglqMefauce8L85YT9mGHb8AyD2pqRAs", "expire_date": "2023-04-25T16:56:14.461Z"}}, {"model": "sessions.session", "pk": "h21a646cmt3dt3w93mwxj4dy2ajfntf2", "fields": {"session_data": ".eJxVjEEOwiAQRe_C2pAiyIBL956BDMOMVA1NSrsy3l2bdKHb_977L5VwXWpaO89pLOqsjDr8bhnpwW0D5Y7tNmma2jKPWW-K3mnX16nw87K7fwcVe_3WwYVIwRJFNgHFQj46GmJAAmE_iGMU8FA8BmtRTPGMDgTh5J1ES-r9AfSGOIY:1pmwqZ:KRyRZqJbIIU8JNJoKvy0SyC_-QbrUJ6XYNT17VMda5M", "expire_date": "2023-04-27T13:18:43.870Z"}}, {"model": "sessions.session", "pk": "hucu62yjl3nwn7bgs4utdi2frimqxibu", "fields": {"session_data": "e30:1pmEro:xMDN2cJO01AoiJ4SuWJg76vDwa5fMkQhnKMn532ZSYk", "expire_date": "2023-04-25T14:21:04.042Z"}}, {"model": "sessions.session", "pk": "idvujfjpswbxb6lnl5g62gngx9qwiu1q", "fields": {"session_data": "e30:1pmEbX:Eb2WjTl19LQP_fYLz6jP2Rl5h6EpMkcpznvp_ywAimM", "expire_date": "2023-04-25T14:04:15.355Z"}}, {"model": "sessions.session", "pk": "idyzqw6m4jsdzrqaykry3owa5ef8pa2s", "fields": {"session_data": "e30:1pmJe9:Iuj7u2tdP49TRLABZwccin0i_tAM27jzO1kMBoxyah0", "expire_date": "2023-04-25T19:27:17.702Z"}}, {"model": "sessions.session", "pk": "k3w672k9w7kkcm7s73gxr2tarr0uhq7y", "fields": {"session_data": "e30:1pmDtA:vtYIrWvQPQRC50geKNt-K9_2F83u1MvRPAPm-ADL4YE", "expire_date": "2023-04-25T13:18:24.430Z"}}, {"model": "sessions.session", "pk": "kfhc2102aqobab5cv33mvw7sdxq6vr1i", "fields": {"session_data": "e30:1pmEMR:98U7hlC8XAsRhEQ9-Oh-0FmKAO4IRBZ2AUpE2BgVItc", "expire_date": "2023-04-25T13:48:39.960Z"}}, {"model": "sessions.session", "pk": "kxmdafzphv0n0c14i5acz0yzdeah6mbi", "fields": {"session_data": "e30:1pmFnl:LtkTueHLadEfoUWfoodslq3Ezz3NOf26YWGGiEZNnNg", "expire_date": "2023-04-25T15:20:57.123Z"}}, {"model": "sessions.session", "pk": "m62kqolwx1cjt09df0czw610fuqxsnha", "fields": {"session_data": "e30:1pmJev:eoxm2gYVb-fEyiceaRecyyAKGbiEQfX6jKIpMxukBoc", "expire_date": "2023-04-25T19:28:05.282Z"}}, {"model": "sessions.session", "pk": "pjyhfyjqhzohbyo8m6l8vg0fz2wuvycl", "fields": {"session_data": "e30:1pmDtM:h7CqhZ1FY-TQAwwgeG8Ca2FLrWcTNH-aa7Kj0xfEiXc", "expire_date": "2023-04-25T13:18:36.682Z"}}, {"model": "sessions.session", "pk": "qnzefzw9rqgdjetvtszbturnnuxjm685", "fields": {"session_data": ".eJxVjEEOwiAQRe_C2pAiyIBL956BDMOMVA1NSrsy3l2bdKHb_977L5VwXWpaO89pLOqsjDr8bhnpwW0D5Y7tNmma2jKPWW-K3mnX16nw87K7fwcVe_3WwYVIwRJFNgHFQj46GmJAAmE_iGMU8FA8BmtRTPGMDgTh5J1ES-r9AfSGOIY:1pn8Uk:vJZHnD7bbusjZeZCOW60w9re6rHHvN0Heu8f2uX-BgU", "expire_date": "2023-04-28T01:44:58.892Z"}}, {"model": "sessions.session", "pk": "qvvxnbhdrj2x232it5kwhczrr7oqzcte", "fields": {"session_data": "e30:1pmEJN:odIpqir_bKEzj1PVP03THPl7eidT0IMSiAqpta4Ayb0", "expire_date": "2023-04-25T13:45:29.043Z"}}, {"model": "sessions.session", "pk": "r3ikxp2btye6fl9frpmr4ugqsu0ewl8s", "fields": {"session_data": "e30:1pmETx:19vdZUDJ8beXQosrjvq4uQbkxx1uWRY-pFAdpPG0Dng", "expire_date": "2023-04-25T13:56:25.694Z"}}, {"model": "sessions.session", "pk": "rsq034z1sdmokzjqtpe2geqo89h0buka", "fields": {"session_data": ".eJxVjEEOwiAQRe_C2pAiyIBL956BDMOMVA1NSrsy3l2bdKHb_977L5VwXWpaO89pLOqsjDr8bhnpwW0D5Y7tNmma2jKPWW-K3mnX16nw87K7fwcVe_3WwYVIwRJFNgHFQj46GmJAAmE_iGMU8FA8BmtRTPGMDgTh5J1ES-r9AfSGOIY:1pwRki:UELHDqF_R7_kMONgca05wNX9__Py5qZIjTNudJAJvFw", "expire_date": "2023-05-23T18:07:56.564Z"}}, {"model": "sessions.session", "pk": "rv2e423v5jmhygpyddgbtfdig4s3evso", "fields": {"session_data": "e30:1pmEsh:GidYCbeH8Z_8wJUbYGD7nWsHh5za-JLbRM1qiAj48UU", "expire_date": "2023-04-25T14:21:59.209Z"}}, {"model": "sessions.session", "pk": "t4ssrjopxc7gsg3v4votcszhvmwkeyu4", "fields": {"session_data": "e30:1pmy91:pjSvqNCw2MbESVJp1xcgobEE7DUibVbXEPxi57vz4GY", "expire_date": "2023-04-27T14:41:51.687Z"}}, {"model": "sessions.session", "pk": "tfuv45mkxpt7rorm2sysr3v9l1xr4xfs", "fields": {"session_data": "e30:1pmEY9:oD-l0ZDbO8wBeNx9PNDClfqVM2G8WRXqGotqCOEF47Q", "expire_date": "2023-04-25T14:00:45.315Z"}}, {"model": "sessions.session", "pk": "ugr9a0yga63mftilndk86ubfwnzhy6le", "fields": {"session_data": "e30:1pmDrw:IpRq0VIg7wjqhZ1YAMvtCmNjH8PoDfkVlSmwOzKZ7k4", "expire_date": "2023-04-25T13:17:08.471Z"}}, {"model": "sessions.session", "pk": "y6l6rjom9r8yslgenvxg1vp5h44pmkyt", "fields": {"session_data": "e30:1pmEXM:6ZNFO8hZ4FfaQhlcHyfs5zysaTbi80OWCe2HhpjWKnI", "expire_date": "2023-04-25T13:59:56.964Z"}}, {"model": "sessions.session", "pk": "yx0l0mflcbz2jnjpykrfhuhu7rhpw6bw", "fields": {"session_data": "e30:1pmJca:N-EgieJhopd2Oqzo-uQVPmsi3U57X8oPhuQcpcG87lc", "expire_date": "2023-04-25T19:25:40.215Z"}}, {"model": "sessions.session", "pk": "zrz8alv4u3s4m63v1ltb9kdjhiex3xsw", "fields": {"session_data": "e30:1pmGyl:CSxZvaeQ07aDV6Cv_zTRazvcLjw_9PS80Z-iXf82wdE", "expire_date": "2023-04-25T16:36:23.673Z"}}, {"model": "sessions.session", "pk": "ztktpwl53iwwzhksgl6x7fqe5ah1mspr", "fields": {"session_data": "e30:1pmDsU:j9RV2j0FRyWJkaUFFjoWbrZ-M4KPYkecP48zW-ff4Ts", "expire_date": "2023-04-25T13:17:42.985Z"}}, {"model": "gestion_personas.ingresopersona", "pk": 3, "fields": {"user": 20, "rol": "ingresoPersona"}}, {"model": "gestion_personas.ingresopersona", "pk": 4, "fields": {"user": 21, "rol": "ingresoPersona"}}, {"model": "gestion_personas.ingresopersona", "pk": 5, "fields": {"user": 22, "rol": "ingresoPersona"}}, {"model": "gestion_personas.ingresopersona", "pk": 6, "fields": {"user": 23, "rol": "ingresoPersona"}}, {"model": "gestion_personas.ingresopersona", "pk": 7, "fields": {"user": 24, "rol": "ingresoPersona"}}, {"model": "gestion_personas.ingresopersona", "pk": 36, "fields": {"user": 25, "rol": "ingresoPersona"}}, {"model": "gestion_personas.alumno", "pk": 2, "fields": {"user": 18, "photo": "alumno/testimonials-1_XgJN3OJ.jpg", "rol": "alumno", "nombre": "Ingresante", "apellido": "Uno", "about": "Nos intersa tu historia.", "que": "Trabajo, estudio, en casa", "donde": "desde", "pais": "Argentina", "direccion": "1234", "telefono": "(011) 486-3538 x2907", "twitter": "https://twitter.com/#", "facebook": null, "instagram": "https://instagram.com/#", "linkedin": "https://linkedin.com/#"}}, {"model": "gestion_personas.alumno", "pk": 3, "fields": {"user": 19, "photo": "defaul.jpg", "rol": "alumno", "nombre": "Ingresante", "apellido": "Dos", "about": "Nos intersa tu historia.", "que": "Trabajo, estudio, en casa", "donde": "bbbbb", "pais": "Argentina", "direccion": "222222", "telefono": "(011) 486-3538 x2907", "twitter": "https://twitter.com/#", "facebook": null, "instagram": "https://instagram.com/#", "linkedin": "https://linkedin.com/#"}}, {"model": "gestion_personas.alumno", "pk": 4, "fields": {"user": 20, "photo": "alumno/testimonials-2.jpg", "rol": "alumno", "nombre": "alumno", "apellido": "Tres", "about": "", "que": "Trabajo", "donde": "Casa", "pais": "Argentina", "direccion": "Caba", "telefono": "11 4251.2365", "twitter": "@AlumnoTres", "facebook": "FalumnoTres", "instagram": "Ialumnotres", "linkedin": "LalumnoTres"}}, {"model": "gestion_personas.alumno", "pk": 5, "fields": {"user": 21, "photo": "defaul.jpg", "rol": "alumno", "nombre": "alumno", "apellido": "Cuatro", "about": "", "que": "Estudio", "donde": "UBA", "pais": "Argentina", "direccion": "Caba", "telefono": "11 325 2365", "twitter": "@alumnoCuatro", "facebook": "FalumnoCuatro", "instagram": "IalumnoCuatro", "linkedin": "LalumnoCuatro"}}, {"model": "gestion_personas.docente", "pk": 1, "fields": {"user": 9, "photo": "docentes/trainer-1.jpg", "rol": "docente"}}, {"model": "gestion_personas.docente", "pk": 2, "fields": {"user": 10, "photo": "docentes/trainer-2.jpg", "rol": "docente"}}, {"model": "gestion_personas.docente", "pk": 3, "fields": {"user": 11, "photo": "docentes/trainer-3.jpg", "rol": "docente"}}, {"model": "gestion_personas.tutor", "pk": 1, "fields": {"user": 30, "photo": "tutor/tutorUno.png", "rol": "tutor"}}, {"model": "gestion_cursos.categoria", "pk": 1, "fields": {"tutor": 1, "nombre": "Full Stack Desarrollo Web", "descripcion": "Para quienes quieran iniciarse en la programaci¾n o deseen profundizar en las nociones centrales de uno de los lenguajes mßs populares en la actualidad. Aprenderßs conocimientos claves del lenguaje, los beneficios del paradigma de la programaci¾n orientada a objetos y a trabajar con bases de datos relacionales. Crearßs una base de datos relacional desde cero, iniciando con la generaci¾n de la estructura hasta la inserci¾n de datos. Implementarßs consultas SQL avanzadas para poder generar informes para la toma de decisiones.", "photo": "categorias/course-details-tab-2.png", "eliminada": false}}, {"model": "gestion_cursos.categoria", "pk": 2, "fields": {"tutor": 1, "nombre": "Testing Automatizado", "descripcion": "Para quienes tienen manejo de tecnologÝas digitales y deseen desempe±arse en un rol de evaluador/a de proyectos informßticos.", "photo": "categorias/course-details-tab-1.png", "eliminada": false}}, {"model": "gestion_cursos.categoria", "pk": 3, "fields": {"tutor": 1, "nombre": "Dise±o UX/UI", "descripcion": "Para quienes que deseen aprender los fundamentos bßsicos del dise±o orientado a la web. Poder comprender el proceso y las distintas etapas del dise±o digital y adentrarse en el mundo de la experiencia centrada en el usuario.", "photo": "categorias/course-details-tab-4.png", "eliminada": false}}, {"model": "gestion_cursos.categoria", "pk": 4, "fields": {"tutor": 1, "nombre": "Big Data / Anßlisis de Datos", "descripcion": "Para quienes quieran aprender a extraer informaci¾n de los datos. Conocerßs conceptos te¾ricos de Big Data, tendrßs prßcticas en tÚcnicas para la extracci¾n, depuraci¾n, anßlisis y visualizaci¾n de datos. Aprenderßs a utilizar planillas de cßlculo, SQL, Python, librerÝas especializadas para manejo de estructuras de datos, visualizaciones en informes y dashboards en diferentes plataformas (planillas de cßlculo, Looker Studio y Deepnote).", "photo": "categorias/course-details-tab-5.png", "eliminada": false}}, {"model": "gestion_cursos.curso", "pk": 1, "fields": {"nombre": "Codo a Codo - Inicial", "descripcion": "Para quienes quieran iniciarse en la programaci¾n o deseen profundizar en las nociones centrales de uno de los lenguajes mßs populares en la actualidad. Aprenderßs conocimientos claves del lenguaje, los beneficios del paradigma de la programaci¾n orientada a objetos y a trabajar con bases de datos relacionales. Crearßs una base de datos relacional desde cero, iniciando con la generaci¾n de la estructura hasta la inserci¾n de datos. Implementarßs consultas SQL avanzadas para poder generar informes para la toma de decisiones.", "photo": "cursos/course-1.jpg", "fecha_creacion": "2023-04-10T16:15:51Z", "activo": true, "categoria": 1, "docente_titular": 1, "fecha_inicio": "2023-05-05", "fecha_cierre": "2023-06-30", "cupo": 150}}, {"model": "gestion_cursos.curso", "pk": 2, "fields": {"nombre": "Python", "descripcion": "Para quienes tienen una base en programaci¾n y deseen aprender unos de los lenguajes mßs requeridos del mercado. Aprenderßs a crear un sitio web, sumergiÚndote en las mejores prßcticas del dise±o web responsive; trabajar con HTML, CSS y Javascript. Asimismo, aprenderßs a trabajar con bases de datos y podrßs dise±ar aplicaciones web robustas, dinßmicas y escalables. Al finalizar el curso, contarßs con los conocimientos para desempe±arte como Full Stack Developer en Python", "photo": "cursos/python.jpg", "fecha_creacion": "2023-04-10T16:19:15Z", "activo": true, "categoria": 1, "docente_titular": 2, "fecha_inicio": "2023-06-02", "fecha_cierre": "2023-08-22", "cupo": 160}}, {"model": "gestion_cursos.curso", "pk": 3, "fields": {"nombre": "JAVA", "descripcion": "Para quienes quieran introducirse en el mundo del desarrollo con la tecnologÝa Java, uno de los lenguajes mßs requeridos por el mercado laboral. Aprenderßs el desarrollo orientado a objetos con integraci¾n de base de datos. Ademßs de crear sitios web dinßmicos con HTML, CSS y JavaScript, y a trabajar con base de datos para luego integrar Front-end y Back-end mediante la tecnologÝa Java.", "photo": "cursos/java.png", "fecha_creacion": "2023-04-10T16:20:04Z", "activo": true, "categoria": 1, "docente_titular": 3, "fecha_inicio": "2023-06-23", "fecha_cierre": "2023-06-30", "cupo": 119}}, {"model": "gestion_cursos.curso", "pk": 4, "fields": {"nombre": "Desarrollo Web", "descripcion": "Para quienes tienen alg·n conocimiento o experiencia en desarrollo de pßginas web, y deseen complementarlo con el detrßs de escena de un sitio.", "photo": "cursos/desarrollo.jpg", "fecha_creacion": "2023-04-10T16:20:47Z", "activo": true, "categoria": 1, "docente_titular": 1, "fecha_inicio": "2023-04-04", "fecha_cierre": "2023-07-20", "cupo": 119}}, {"model": "gestion_cursos.curso", "pk": 5, "fields": {"nombre": "PHP", "descripcion": "Para quienes quieran introducirse en el mundo del desarrollo con la tecnologÝa PHP, uno de los lenguajes mßs versßtil y flexible relacionado con Back-end, presente en el 80% de los sitios web. Aprenderßs a crear pßginas dinßmicas con HTML, CSS y JavaScript y a trabajar con base de datos, para luego integrar Front-end y Back-end mediante la tecnologÝa PHP.", "photo": "cursos/php.png", "fecha_creacion": "2023-04-10T16:21:54Z", "activo": true, "categoria": 1, "docente_titular": 3, "fecha_inicio": "2023-04-10", "fecha_cierre": "2023-04-28", "cupo": 90}}, {"model": "gestion_cursos.curso", "pk": 6, "fields": {"nombre": "Testing Automatizado", "descripcion": "Para quienes tienen manejo de tecnologÝas digitales y deseen desempe±arse en un rol de evaluador/a de proyectos informßticos.", "photo": "cursos/course-3.jpg", "fecha_creacion": "2023-04-10T16:22:34Z", "activo": true, "categoria": 2, "docente_titular": 1, "fecha_inicio": "2023-04-21", "fecha_cierre": "2023-04-20", "cupo": 60}}, {"model": "gestion_cursos.curso", "pk": 7, "fields": {"nombre": "Dise±o UX/UI", "descripcion": "Para quienes que deseen aprender los fundamentos bßsicos del dise±o orientado a la web. Poder comprender el proceso y las distintas etapas del dise±o digital y adentrarse en el mundo de la experiencia centrada en el usuario.", "photo": "cursos/events-1.jpg", "fecha_creacion": "2023-04-10T16:23:19Z", "activo": true, "categoria": 3, "docente_titular": 2, "fecha_inicio": "2023-04-10", "fecha_cierre": "2023-07-21", "cupo": 45}}, {"model": "gestion_cursos.curso", "pk": 8, "fields": {"nombre": "Big Data / Anßlisis de Datos", "descripcion": "Para quienes quieran aprender a extraer informaci¾n de los datos. Conocerßs conceptos te¾ricos de Big Data, tendrßs prßcticas en tÚcnicas para la extracci¾n, depuraci¾n, anßlisis y visualizaci¾n de datos. Aprenderßs a utilizar planillas de cßlculo, SQL, Python, librerÝas especializadas para manejo de estructuras de datos, visualizaciones en informes y dashboards en diferentes plataformas (planillas de cßlculo, Looker Studio y Deepnote).", "photo": "cursos/course-2.jpg", "fecha_creacion": "2023-04-10T16:24:16Z", "activo": true, "categoria": 4, "docente_titular": 3, "fecha_inicio": "2023-04-10", "fecha_cierre": "2023-07-22", "cupo": 160}}, {"model": "gestion_cursos.inscripcion", "pk": 1, "fields": {"alumno": 2, "curso": 1, "fecha_inscripcion": "2023-04-13T13:30:34.052Z", "aceptado": false}}, {"model": "gestion_cursos.inscripcion", "pk": 2, "fields": {"alumno": 3, "curso": 1, "fecha_inscripcion": "2023-04-13T13:30:43.834Z", "aceptado": false}}, {"model": "gestion_cursos.inscripcion", "pk": 3, "fields": {"alumno": 4, "curso": 6, "fecha_inscripcion": "2023-04-13T16:48:42.833Z", "aceptado": false}}, {"model": "gestion_cursos.inscripcion", "pk": 4, "fields": {"alumno": 5, "curso": 8, "fecha_inscripcion": "2023-04-13T16:49:00.661Z", "aceptado": false}}, {"model": "gestion_cursos.inscripcion", "pk": 5, "fields": {"alumno": 5, "curso": 4, "fecha_inscripcion": "2023-04-13T16:49:45.558Z", "aceptado": false}}]
